{"packages/cupertino_icons/assets/CupertinoIcons.ttf":["packages/cupertino_icons/assets/CupertinoIcons.ttf"],"packages/flutter_kit_transfer/assets/icon/all.png":["packages/flutter_kit_transfer/assets/icon/all.png"],"packages/flutter_kit_transfer/assets/icon/browser.png":["packages/flutter_kit_transfer/assets/icon/browser.png"],"packages/flutter_kit_transfer/assets/icon/computer.png":["packages/flutter_kit_transfer/assets/icon/computer.png"],"packages/flutter_kit_transfer/assets/icon/doc.png":["packages/flutter_kit_transfer/assets/icon/doc.png"],"packages/flutter_kit_transfer/assets/icon/mp3.png":["packages/flutter_kit_transfer/assets/icon/mp3.png"],"packages/flutter_kit_transfer/assets/icon/other.png":["packages/flutter_kit_transfer/assets/icon/other.png"],"packages/flutter_kit_transfer/assets/icon/pdf.png":["packages/flutter_kit_transfer/assets/icon/pdf.png"],"packages/flutter_kit_transfer/assets/icon/phone.png":["packages/flutter_kit_transfer/assets/icon/phone.png"],"packages/flutter_kit_transfer/assets/icon/video.png":["packages/flutter_kit_transfer/assets/icon/video.png"],"packages/flutter_kit_transfer/assets/icon/zip.png":["packages/flutter_kit_transfer/assets/icon/zip.png"],"packages/flutter_kit_transfer/assets/web.zip":["packages/flutter_kit_transfer/assets/web.zip"],"packages/fluttertoast/assets/toastify.css":["packages/fluttertoast/assets/toastify.css"],"packages/fluttertoast/assets/toastify.js":["packages/fluttertoast/assets/toastify.js"]}